Buffer No.,Packet,Start Time (s),End Time (s),ID,RTR,FDF,DLC,Data,CRC,ACK,CRC Valid,Bit Stuffing Valid,Valid,IDE
7,1,-0.241287683676603,-0.240228422487202,02 00 C0 00,0,0,6,02 36 00 00 50 00,4B 87,0,1,1,1,1
7,2,-0.240072707710965,-0.239412038510291,02 20 60 00,0,0,1,0C,61 41,0,1,1,1,1
7,3,-0.231435523955241,-0.230297414768071,01 C0 C0 00,0,0,7,00 50 00 00 00 C2 02,3B 38,0,1,1,1,1
7,4,-0.230211331989864,-0.229532230789711,01 E0 A0 00,0,0,1,2C,6E 28,0,1,1,1,1
7,5,-0.22133018024104,-0.220270919051639,02 00 C0 00,0,0,6,02 36 00 00 50 00,4B 87,0,1,1,1,1
7,6,-0.220106500275648,-0.219445831074974,02 20 60 00,0,0,1,0C,61 41,0,1,1,1,1
7,7,-0.219420676295044,-0.218603847098787,08 A0 60 00,0,0,3,00 03 0C,09 61,0,1,1,1,1
7,8,-0.211356420523117,-0.210218567335939,01 C0 C0 00,0,0,7,00 50 00 00 00 C2 02,3B 38,0,1,1,1,1
7,9,-0.21003674056044,-0.209357639360288,01 E0 A0 00,0,0,1,2C,6E 28,0,1,1,1,1
7,10,-0.201224964809654,-0.200165703620254,02 00 C0 00,0,0,6,02 36 00 00 50 00,4B 87,0,1,1,1,1
7,11,-0.199931908846224,-0.199270983645558,02 20 60 00,0,0,1,0C,61 41,0,1,1,1,1
7,12,-0.191112453095656,-0.18997485590847,01 C0 C0 00,0,0,7,00 50 00 00 00 C2 02,3B 38,0,1,1,1,1
7,13,-0.189775365133471,-0.189096263933319,01 E0 A0 00,0,0,1,2C,6E 28,0,1,1,1,1
7,14,-0.181007109381454,-0.179947848192054,02 00 C0 00,0,0,6,02 36 00 00 50 00,4B 87,0,1,1,1,1
7,15,-0.179661829419501,-0.179001160218828,02 20 60 00,0,0,1,0C,61 41,0,1,1,1,1
7,16,-0.170868485668194,-0.169730376481023,01 C0 C0 00,0,0,7,00 50 00 00 00 C2 02,3B 38,0,1,1,1,1
7,17,-0.169653253702563,-0.168974152502411,01 E0 A0 00,0,0,1,2C,6E 28,0,1,1,1,1
7,18,-0.161015301946861,-0.159956040757461,02 00 C0 00,0,0,6,02 36 00 00 50 00,4B 87,0,1,1,1,1
7,19,-0.159765509982208,-0.159104840781534,02 20 60 00,0,0,1,0C,61 41,0,1,1,1,1
7,20,-0.150911494232616,-0.149773385045446,01 C0 C0 00,0,0,7,00 50 00 00 00 C2 02,3B 38,0,1,1,1,1
7,21,-0.149678598267485,-0.148999497067333,01 E0 A0 00,0,0,1,2C,6E 28,0,1,1,1,1
7,22,-0.140806150518415,-0.139746889329014,02 00 C0 00,0,0,6,02 36 00 00 50 00,4B 87,0,1,1,1,1
7,23,-0.139521542554746,-0.138860873354073,02 20 60 00,0,0,1,0C,61 41,0,1,1,1,1
7,24,-0.130693638804416,-0.129556041617231,01 C0 C0 00,0,0,7,00 50 00 00 00 C2 02,3B 38,0,1,1,1,1
7,25,-0.1294955588383,-0.128816713638141,01 E0 A0 00,0,0,1,2C,6E 28,0,1,1,1,1
7,26,-0.120848903082845,-0.119789641893444,02 00 C0 00,0,0,6,02 36 00 00 50 00,4B 87,0,1,1,1,1
7,27,-0.119547143119661,-0.118886473918987,02 20 60 00,0,0,1,0C,61 41,0,1,1,1,1
7,28,-0.110736391368846,-0.109598538181668,01 C0 C0 00,0,0,7,00 50 00 00 00 C2 02,3B 38,0,1,1,1,1
7,29,-0.1093731914074,-0.108694090207247,01 E0 A0 00,0,0,1,2C,6E 28,0,1,1,1,1
7,30,-0.100630791654652,-0.099571530465251,02 00 C0 00,0,0,6,02 36 00 00 50 00,4B 87,0,1,1,1,1
7,31,-0.0994332236885214,-0.0987725544878476,02 20 60 00,0,0,1,0C,61 41,0,1,1,1,1
7,32,-0.0905182799406532,-0.0893804267534751,01 C0 C0 00,0,0,7,00 50 00 00 00 C2 02,3B 38,0,1,1,1,1
7,33,-0.0891118159804307,-0.0884327147802783,01 E0 A0 00,0,0,1,2C,6E 28,0,1,1,1,1
7,34,-0.0804126802264591,-0.0793529070370728,02 00 C0 00,0,0,6,02 36 00 00 50 00,4B 87,0,1,1,1,1
7,35,-0.0791623762618201,-0.0785017070611463,02 20 60 00,0,0,1,0C,61 41,0,1,1,1,1
7,36,-0.0705513045053578,-0.0694134513181798,01 C0 C0 00,0,0,7,00 50 00 00 00 C2 02,3B 38,0,1,1,1,1
7,37,-0.0693621845389885,-0.068683083338836,01 E0 A0 00,0,0,1,2C,6E 28,0,1,1,1,1
7,38,-0.060446472791142,-0.0593872116017412,02 00 C0 00,0,0,6,02 36 00 00 50 00,4B 87,0,1,1,1,1
7,39,-0.0592489048250116,-0.0585882356243378,02 20 60 00,0,0,1,0C,61 41,0,1,1,1,1
7,40,-0.0503339610771434,-0.0491963638899581,01 C0 C0 00,0,0,7,00 50 00 00 00 C2 02,3B 38,0,1,1,1,1
7,41,-0.049040393113728,-0.0483612919135755,01 E0 A0 00,0,0,1,2C,6E 28,0,1,1,1,1
7,42,-0.0402283613629493,-0.0391685881735629,02 00 C0 00,0,0,6,02 36 00 00 50 00,4B 87,0,1,1,1,1
7,43,-0.0390215773970795,-0.0383609081964057,02 20 60 00,0,0,1,0C,61 41,0,1,1,1,1
7,44,-0.0301066336492113,-0.0289687804620332,01 C0 C0 00,0,0,7,00 50 00 00 00 C2 02,3B 38,0,1,1,1,1
7,45,-0.0288652896843189,-0.0281861884841665,01 E0 A0 00,0,0,1,2C,6E 28,0,1,1,1,1
7,46,-0.0202531939278856,-0.0191936767384921,02 00 C0 00,0,0,6,02 36 00 00 50 00,4B 87,0,1,1,1,1
7,47,-0.0190469219620013,-0.0183862527613276,02 20 60 00,0,0,1,0C,61 41,0,1,1,1,1
7,48,-0.0101493862136408,-0.00901127702646999,01 C0 C0 00,0,0,7,00 50 00 00 00 C2 02,3B 38,0,1,1,1,1
7,49,-0.00888167424949415,-0.0082025730493417,01 E0 A0 00,0,0,1,2C,6E 28,0,1,1,1,1
7,50,-3.53384996856221E-05,0.00102417868970793,02 00 C0 00,0,0,6,02 36 00 00 50 00,4B 87,0,1,1,1,1
7,51,0.00118834146570634,0.00184901066638008,02 20 60 00,0,0,1,0C,61 41,0,1,1,1,1
7,52,0.010077173214313,0.0112152824014838,01 C0 C0 00,0,0,7,00 50 00 00 00 C2 02,3B 38,0,1,1,1,1
7,53,0.0113187731791982,0.0119978743793506,01 E0 A0 00,0,0,1,2C,6E 28,0,1,1,1,1
7,54,0.0199221649358776,0.0209814261252784,02 00 C0 00,0,0,6,02 36 00 00 50 00,4B 87,0,1,1,1,1
7,55,0.0211719569005311,0.0218326261012048,02 20 60 00,0,0,1,0C,61 41,0,1,1,1,1
7,56,0.0300433806496301,0.0311814898368009,01 C0 C0 00,0,0,7,00 50 00 00 00 C2 02,3B 38,0,1,1,1,1
7,57,0.0312675726150076,0.0319464178151673,01 E0 A0 00,0,0,1,2C,6E 28,0,1,1,1,1
7,58,0.0401574283635853,0.0412166895529861,02 00 C0 00,0,0,6,02 36 00 00 50 00,4B 87,0,1,1,1,1
7,59,0.0414156683279998,0.042075825528688,02 20 60 00,0,0,1,0C,61 41,0,1,1,1,1
7,60,0.0502607240778445,0.0513985772650226,01 C0 C0 00,0,0,7,00 50 00 00 00 C2 02,3B 38,0,1,1,1,1
7,61,0.0514498440442139,0.0521289452443664,01 E0 A0 00,0,0,1,2C,6E 28,0,1,1,1,1
7,62,0.0577712518654323,0.0589375210518067,0B C0 A0 00,0,0,7,10 00 00 00 00 00 10,7F 6A,0,1,1,1,1
7,63,0.060264691794913,0.0613242089843066,02 00 C0 00,0,0,6,02 36 00 00 50 00,4B 87,0,1,1,1,1
7,64,0.0613493637642364,0.0625481449496913,0B E0 C0 00,0,0,8,10 00 03 C4 08 D8 29 31,07 16,0,1,1,1,1
7,65,0.0625735557296139,0.0632342249302876,02 20 60 00,0,0,1,0C,61 41,0,1,1,1,1
7,66,0.0702558595123435,0.0713937126995216,01 C0 C0 00,0,0,7,00 50 00 00 00 C2 02,3B 38,0,1,1,1,1
7,67,0.0716277634735434,0.0723068646736958,01 E0 A0 00,0,0,1,2C,6E 28,0,1,1,1,1
7,68,0.0803699072262987,0.0814294244156922,02 00 C0 00,0,0,6,02 36 00 00 50 00,4B 87,0,1,1,1,1
7,69,0.0815848831919368,0.0822458083926033,02 20 60 00,0,0,1,0C,61 41,0,1,1,1,1
7,70,0.0904739709405362,0.0916118241277143,01 C0 C0 00,0,0,7,00 50 00 00 00 C2 02,3B 38,0,1,1,1,1
7,71,0.0918110589027208,0.0924901601028733,01 E0 A0 00,0,0,1,2C,6E 28,0,1,1,1,1
7,72,0.100588018654491,0.101647535843885,02 00 C0 00,0,0,6,02 36 00 00 50 00,4B 87,0,1,1,1,1
7,73,0.101829106619391,0.102489263820079,02 20 60 00,0,0,1,0C,61 41,0,1,1,1,1
7,74,0.110448370375622,0.111586479562792,01 C0 C0 00,0,0,7,00 50 00 00 00 C2 02,3B 38,0,1,1,1,1
7,75,0.111637746341984,0.112316847542136,01 E0 A0 00,0,0,1,2C,6E 28,0,1,1,1,1
7,76,0.120562418089577,0.121621679278978,02 00 C0 00,0,0,6,02 36 00 00 50 00,4B 87,0,1,1,1,1
7,77,0.121820658053991,0.122481327254665,02 20 60 00,0,0,1,0C,61 41,0,1,1,1,1
7,78,0.130692337803083,0.131830190990261,01 C0 C0 00,0,0,7,00 50 00 00 00 C2 02,3B 38,0,1,1,1,1
7,79,0.131994609766252,0.132673710966405,01 E0 A0 00,0,0,1,2C,6E 28,0,1,1,1,1
7,80,0.140797681517284,0.141856942706685,02 00 C0 00,0,0,6,02 36 00 00 50 00,4B 87,0,1,1,1,1
7,81,0.142056177481692,0.142716846682365,02 20 60 00,0,0,1,0C,61 41,0,1,1,1,1
7,82,0.150649841238646,0.151787950425817,01 C0 C0 00,0,0,7,00 50 00 00 00 C2 02,3B 38,0,1,1,1,1
7,83,0.151943409202062,0.152622510402214,01 E0 A0 00,0,0,1,2C,6E 28,0,1,1,1,1
7,84,0.16075544095284,0.161814702142241,02 00 C0 00,0,0,6,02 36 00 00 50 00,4B 87,0,1,1,1,1
7,85,0.161961712918725,0.162622382119398,02 20 60 00,0,0,1,0C,61 41,0,1,1,1,1
7,86,0.170867952666839,0.172005805854017,01 C0 C0 00,0,0,7,00 50 00 00 00 C2 02,3B 38,0,1,1,1,1
7,87,0.172126704631239,0.172805805831391,01 E0 A0 00,0,0,1,2C,6E 28,0,1,1,1,1
7,88,0.180982000380794,0.182041261570195,02 00 C0 00,0,0,6,02 36 00 00 50 00,4B 87,0,1,1,1,1
7,89,0.182205680346186,0.18286634954686,02 20 60 00,0,0,1,0C,61 41,0,1,1,1,1
7,90,0.191085808095039,0.192223405282224,01 C0 C0 00,0,0,7,00 50 00 00 00 C2 02,3B 38,0,1,1,1,1
7,91,0.192892400043945,0.193571501244097,01 E0 A0 00,0,0,1,2C,6E 28,0,1,1,1,1
7,92,0.200931567816582,0.201991085005975,02 00 C0 00,0,0,6,02 36 00 00 50 00,4B 87,0,1,1,1,1
7,93,0.202181359781235,0.202842028981909,02 20 60 00,0,0,1,0C,61 41,0,1,1,1,1
7,94,0.211044079530581,0.212181676717766,01 C0 C0 00,0,0,7,00 50 00 00 00 C2 02,3B 38,0,1,1,1,1
7,95,0.212311535494734,0.21299089269488,01 E0 A0 00,0,0,1,2C,6E 28,0,1,1,1,1
7,96,0.221149423244782,0.222208940434175,02 00 C0 00,0,0,6,02 36 00 00 50 00,4B 87,0,1,1,1,1
7,97,0.222459887207719,0.223120556408393,02 20 60 00,0,0,1,0C,61 41,0,1,1,1,1
7,98,0.23130545495755,0.232443052144735,01 C0 C0 00,0,0,7,00 50 00 00 00 C2 02,3B 38,0,1,1,1,1
7,99,0.232755438916541,0.233434796116686,01 E0 A0 00,0,0,1,2C,6E 28,0,1,1,1,1
7,100,0.241124590679846,0.242184107869239,02 00 C0 00,0,0,6,02 36 00 00 50 00,4B 87,0,1,1,1,1
7,101,0.242365678644745,0.243026347845419,02 20 60 00,0,0,1,0C,61 41,0,1,1,1,1
6,1,-0.249958147431386,-0.249540372138361,0 4A,0,0,0,,00 09,1,0,1,0,0
6,2,-0.241285379676668,-0.240226118487268,02 00 C0 00,0,0,6,02 36 00 00 50 00,4B 87,0,1,1,1,1
6,3,-0.240061699711276,-0.239401030510603,02 20 60 00,0,0,1,0C,61 41,0,1,1,1,1
6,4,-0.231164163962916,-0.230026054775745,01 C0 C0 00,0,0,7,00 50 00 00 00 C2 02,3B 38,0,1,1,1,1
6,5,-0.229922563998031,-0.229243462797878,01 E0 A0 00,0,0,1,2C,6E 28,0,1,1,1,1
6,6,-0.221050116248961,-0.21999085505956,02 00 C0 00,0,0,6,02 36 00 00 50 00,4B 87,0,1,1,1,1
6,7,-0.219835140283323,-0.219174471082649,02 20 60 00,0,0,1,0C,61 41,0,1,1,1,1
6,8,-0.210937604534962,-0.209800007347777,01 C0 C0 00,0,0,7,00 50 00 00 00 C2 02,3B 38,0,1,1,1,1
6,9,-0.209661444571054,-0.208982343370902,01 E0 A0 00,0,0,1,2C,6E 28,0,1,1,1,1
6,10,-0.201092612813397,-0.200033351623997,02 00 C0 00,0,0,6,02 36 00 00 50 00,4B 87,0,1,1,1,1
6,11,-0.199825668849229,-0.199164999648555,02 20 60 00,0,0,1,0C,61 41,0,1,1,1,1
6,12,-0.190971397099645,-0.189834055912453,01 C0 C0 00,0,0,7,00 50 00 00 00 C2 02,3B 38,0,1,1,1,1
6,13,-0.189686533135983,-0.189007431935831,01 E0 A0 00,0,0,1,2C,6E 28,0,1,1,1,1
6,14,-0.180866053385444,-0.179806792196043,02 00 C0 00,0,0,6,02 36 00 00 50 00,4B 87,0,1,1,1,1
6,15,-0.179590405421521,-0.178929736220848,02 20 60 00,0,0,1,0C,61 41,0,1,1,1,1
6,16,-0.170753541671445,-0.169615688484267,01 C0 C0 00,0,0,7,00 50 00 00 00 C2 02,3B 38,0,1,1,1,1
6,17,-0.169564421705076,-0.168885320504923,01 E0 A0 00,0,0,1,2C,6E 28,0,1,1,1,1
6,18,-0.160909061949866,-0.159849800760465,02 00 C0 00,0,0,6,02 36 00 00 50 00,4B 87,0,1,1,1,1
6,19,-0.159642117985697,-0.158981960785009,02 20 60 00,0,0,1,0C,61 41,0,1,1,1,1
6,20,-0.150797062235853,-0.149659209048675,01 C0 C0 00,0,0,7,00 50 00 00 00 C2 02,3B 38,0,1,1,1,1
6,21,-0.14959923826973,-0.148919881069584,01 E0 A0 00,0,0,1,2C,6E 28,0,1,1,1,1
6,22,-0.140691718521651,-0.139632457332251,02 00 C0 00,0,0,6,02 36 00 00 50 00,4B 87,0,1,1,1,1
6,23,-0.139398662558222,-0.138738505357533,02 20 60 00,0,0,1,0C,61 41,0,1,1,1,1
6,24,-0.130579718807638,-0.12944186562046,01 C0 C0 00,0,0,7,00 50 00 00 00 C2 02,3B 38,0,1,1,1,1
6,25,-0.12918195884717,-0.128502857647017,01 E0 A0 00,0,0,1,2C,6E 28,0,1,1,1,1
6,26,-0.120474119093444,-0.119414857904043,02 00 C0 00,0,0,6,02 36 00 00 50 00,4B 87,0,1,1,1,1
6,27,-0.119163655130507,-0.118503241929826,02 20 60 00,0,0,1,0C,61 41,0,1,1,1,1
6,28,-0.110622215372075,-0.109484106184904,01 C0 C0 00,0,0,7,00 50 00 00 00 C2 02,3B 38,0,1,1,1,1
6,29,-0.109424135405959,-0.108745034205807,01 E0 A0 00,0,0,1,2C,6E 28,0,1,1,1,1
6,30,-0.100516871657874,-0.0994576104684729,02 00 C0 00,0,0,6,02 36 00 00 50 00,4B 87,0,1,1,1,1
6,31,-0.0993280076914971,-0.0986673384908233,02 20 60 00,0,0,1,0C,61 41,0,1,1,1,1
6,32,-0.0903869519443674,-0.0892488427571966,01 C0 C0 00,0,0,7,00 50 00 00 00 C2 02,3B 38,0,1,1,1,1
6,33,-0.0890324559826752,-0.0883533547825227,01 E0 A0 00,0,0,1,2C,6E 28,0,1,1,1,1
6,34,-0.0802726482304195,-0.0792133870410187,02 00 C0 00,0,0,6,02 36 00 00 50 00,4B 87,0,1,1,1,1
6,35,-0.0789795922669896,-0.0783194350663013,02 20 60 00,0,0,1,0C,61 41,0,1,1,1,1
6,36,-0.0704212565090359,-0.069283147321865,01 C0 C0 00,0,0,7,00 50 00 00 00 C2 02,3B 38,0,1,1,1,1
6,37,-0.0690580565475898,-0.0683786993474446,01 E0 A0 00,0,0,1,2C,6E 28,0,1,1,1,1
6,38,-0.0603156567948417,-0.0592561396054482,02 00 C0 00,0,0,6,02 36 00 00 50 00,4B 87,0,1,1,1,1
6,39,-0.0589529688333812,-0.0582922996327074,02 20 60 00,0,0,1,0C,61 41,0,1,1,1,1
6,40,-0.0582671448527776,-0.0574503156565204,08 A0 60 00,0,0,3,00 03 0C,09 61,0,1,1,1,1
6,41,-0.0503244890774113,-0.0491866358902332,01 C0 C0 00,0,0,7,00 50 00 00 00 C2 02,3B 38,0,1,1,1,1
6,42,-0.0490918491122727,-0.0484127479121202,01 E0 A0 00,0,0,1,2C,6E 28,0,1,1,1,1
6,43,-0.0402104413634561,-0.0391511801740553,02 00 C0 00,0,0,6,02 36 00 00 50 00,4B 87,0,1,1,1,1
6,44,-0.0390128733973256,-0.0383522041966519,02 20 60 00,0,0,1,0C,61 41,0,1,1,1,1
6,45,-0.0301066336492113,-0.0289687804620332,01 C0 C0 00,0,0,7,00 50 00 00 00 C2 02,3B 38,0,1,1,1,1
6,46,-0.0289085536830953,-0.0282294524829429,01 E0 A0 00,0,0,1,2C,6E 28,0,1,1,1,1
6,47,-0.0199925859352561,-0.0189333247458553,02 00 C0 00,0,0,6,02 36 00 00 50 00,4B 87,0,1,1,1,1
6,48,-0.0187689059698641,-0.0181082367691904,02 20 60 00,0,0,1,0C,61 41,0,1,1,1,1
6,49,-0.00988877822101131,-0.00875118103382601,01 C0 C0 00,0,0,7,00 50 00 00 00 C2 02,3B 38,0,1,1,1,1
6,50,-0.00864743425611891,-0.00796833305596646,01 E0 A0 00,0,0,1,2C,6E 28,0,1,1,1,1
6,51,-3.53384996856221E-05,0.00102417868970793,02 00 C0 00,0,0,6,02 36 00 00 50 00,4B 87,0,1,1,1,1
6,52,0.00124056546422935,0.00190072266491757,02 20 60 00,0,0,1,0C,61 41,0,1,1,1,1
6,53,0.0100853652140813,0.0112229624012666,01 C0 C0 00,0,0,7,00 50 00 00 00 C2 02,3B 38,0,1,1,1,1
6,54,0.0112744851804507,0.0119535863806032,01 E0 A0 00,0,0,1,2C,6E 28,0,1,1,1,1
6,55,0.0201991569280437,0.0212586741174373,02 00 C0 00,0,0,6,02 36 00 00 50 00,4B 87,0,1,1,1,1
6,56,0.0214663568922049,0.0221270260928786,02 20 60 00,0,0,1,0C,61 41,0,1,1,1,1
6,57,0.0303032206422813,0.0314410738294594,01 C0 C0 00,0,0,7,00 50 00 00 00 C2 02,3B 38,0,1,1,1,1
6,58,0.0316577166039735,0.032336817804126,01 E0 A0 00,0,0,1,2C,6E 28,0,1,1,1,1
6,59,0.0401308043643382,0.0411903215537318,02 00 C0 00,0,0,6,02 36 00 00 50 00,4B 87,0,1,1,1,1
6,60,0.0414241163277609,0.0420842735284491,02 20 60 00,0,0,1,0C,61 41,0,1,1,1,1
6,61,0.0502776200773667,0.0514157292645375,01 C0 C0 00,0,0,7,00 50 00 00 00 C2 02,3B 38,0,1,1,1,1
6,62,0.0516408200388128,0.0523199212389652,01 E0 A0 00,0,0,1,2C,6E 28,0,1,1,1,1
6,63,0.0603832197915608,0.0614424809809616,02 00 C0 00,0,0,6,02 36 00 00 50 00,4B 87,0,1,1,1,1
6,64,0.0616675717552369,0.0623282409559106,02 20 60 00,0,0,1,0C,61 41,0,1,1,1,1
6,65,0.0704957315055594,0.0716338406927303,01 C0 C0 00,0,0,7,00 50 00 00 00 C2 02,3B 38,0,1,1,1,1
6,66,0.0717634434697061,0.0724425446698586,01 E0 A0 00,0,0,1,2C,6E 28,0,1,1,1,1
6,67,0.0806097792195146,0.0816692964089082,02 00 C0 00,0,0,6,02 36 00 00 50 00,4B 87,0,1,1,1,1
6,68,0.0818943871831834,0.0825550563838572,02 20 60 00,0,0,1,0C,61 41,0,1,1,1,1
6,69,0.0904532349411227,0.0915913441282935,01 C0 C0 00,0,0,7,00 50 00 00 00 C2 02,3B 38,0,1,1,1,1
6,70,0.0917905789033,0.0924696801034525,01 E0 A0 00,0,0,1,2C,6E 28,0,1,1,1,1
6,71,0.100558834655317,0.101618095844718,02 00 C0 00,0,0,6,02 36 00 00 50 00,4B 87,0,1,1,1,1
6,72,0.101843186618993,0.102503855819667,02 20 60 00,0,0,1,0C,61 41,0,1,1,1,1
6,73,0.110688754368823,0.111826607556001,01 C0 C0 00,0,0,7,00 50 00 00 00 C2 02,3B 38,0,1,1,1,1
6,74,0.111973618332485,0.112652719532637,01 E0 A0 00,0,0,1,2C,6E 28,0,1,1,1,1
6,75,0.120794098083024,0.121853359272425,02 00 C0 00,0,0,6,02 36 00 00 50 00,4B 87,0,1,1,1,1
6,76,0.1220784500467,0.122738607247389,02 20 60 00,0,0,1,0C,61 41,0,1,1,1,1
6,77,0.130645745804401,0.131783854991572,01 C0 C0 00,0,0,7,00 50 00 00 00 C2 02,3B 38,0,1,1,1,1
6,78,0.131887601769279,0.132566702969431,01 E0 A0 00,0,0,1,2C,6E 28,0,1,1,1,1
6,79,0.140751601518588,0.141810862707988,02 00 C0 00,0,0,6,02 36 00 00 50 00,4B 87,0,1,1,1,1
6,80,0.142087921480794,0.142748590681468,02 20 60 00,0,0,1,0C,61 41,0,1,1,1,1
6,81,0.150855409232832,0.151992750420025,01 C0 C0 00,0,0,7,00 50 00 00 00 C2 02,3B 38,0,1,1,1,1
6,82,0.152070641198463,0.152749742398616,01 E0 A0 00,0,0,1,2C,6E 28,0,1,1,1,1
6,83,0.160968944946802,0.162028206136203,02 00 C0 00,0,0,6,02 36 00 00 50 00,4B 87,0,1,1,1,1
6,84,0.162166512912933,0.162827182113606,02 20 60 00,0,0,1,0C,61 41,0,1,1,1,1
6,85,0.171072752661047,0.172210349848232,01 C0 C0 00,0,0,7,00 50 00 00 00 C2 02,3B 38,0,1,1,1,1
6,86,0.172453360622001,0.173132461822153,01 E0 A0 00,0,0,1,2C,6E 28,0,1,1,1,1
6,87,0.180978672380888,0.182037933570289,02 00 C0 00,0,0,6,02 36 00 00 50 00,4B 87,0,1,1,1,1
6,88,0.182289136343826,0.182950061544492,02 20 60 00,0,0,1,0C,61 41,0,1,1,1,1
6,89,0.191099888094641,0.192237485281826,01 C0 C0 00,0,0,7,00 50 00 00 00 C2 02,3B 38,0,1,1,1,1
6,90,0.192463088056087,0.193142189256239,01 E0 A0 00,0,0,1,2C,6E 28,0,1,1,1,1
6,91,0.201214191808589,0.202273452997989,02 00 C0 00,0,0,6,02 36 00 00 50 00,4B 87,0,1,1,1,1
6,92,0.202550767770788,0.203211180971469,02 20 60 00,0,0,1,0C,61 41,0,1,1,1,1
6,93,0.211040239530689,0.212177836717874,01 C0 C0 00,0,0,7,00 50 00 00 00 C2 02,3B 38,0,1,1,1,1
6,94,0.212412143491889,0.213091244692041,01 E0 A0 00,0,0,1,2C,6E 28,0,1,1,1,1
6,95,0.221180655243899,0.222239916433299,02 00 C0 00,0,0,6,02 36 00 00 50 00,4B 87,0,1,1,1,1
6,96,0.222412783209052,0.223073452409725,02 20 60 00,0,0,1,0C,61 41,0,1,1,1,1
6,97,0.231293166957897,0.232431020145075,01 C0 C0 00,0,0,7,00 50 00 00 00 C2 02,3B 38,0,1,1,1,1
6,98,0.232595438921066,0.233274540121219,01 E0 A0 00,0,0,1,2C,6E 28,0,1,1,1,1
6,99,0.23983844671622,0.240926123904817,08 80 A0 00,0,0,6,0C 01 00 00 00 00,18 36,0,1,1,1,1
6,100,0.241055726681793,0.242298027866017,08 60 60 00,0,0,8,0C 01 00 00 00 00 00 00,7D 91,0,1,1,1,1
6,101,0.24232343864594,0.243382699835341,02 00 C0 00,0,0,6,02 36 00 00 50 00,4B 87,0,1,1,1,1
6,102,0.243564270610847,0.24422493981152,02 20 60 00,0,0,1,0C,61 41,0,1,1,1,1
5,1,-0.241231875678181,-0.240172358488788,02 00 C0 00,0,0,6,02 36 00 00 50 00,4B 87,0,1,1,1,1
5,2,-0.239921411715244,-0.23926074251457,02 20 60 00,0,0,1,0C,61 41,0,1,1,1,1
5,3,-0.231119363964183,-0.229981254777012,01 C0 C0 00,0,0,7,00 50 00 00 00 C2 02,3B 38,0,1,1,1,1
5,4,-0.229895171998805,-0.229216070798653,01 E0 A0 00,0,0,1,2C,6E 28,0,1,1,1,1
5,5,-0.221265668242864,-0.220206407053464,02 00 C0 00,0,0,6,02 36 00 00 50 00,4B 87,0,1,1,1,1
5,6,-0.219972612279435,-0.219311943078761,02 20 60 00,0,0,1,0C,61 41,0,1,1,1,1
5,7,-0.211144452529112,-0.210006599341934,01 C0 C0 00,0,0,7,00 50 00 00 00 C2 02,3B 38,0,1,1,1,1
5,8,-0.209911812563973,-0.209232711363821,01 E0 A0 00,0,0,1,2C,6E 28,0,1,1,1,1
5,9,-0.201039108814911,-0.19997984762551,02 00 C0 00,0,0,6,02 36 00 00 50 00,4B 87,0,1,1,1,1
5,10,-0.199728644851973,-0.199067975651299,02 20 60 00,0,0,1,0C,61 41,0,1,1,1,1
5,11,-0.190926597100912,-0.189788743913734,01 C0 C0 00,0,0,7,00 50 00 00 00 C2 02,3B 38,0,1,1,1,1
5,12,-0.189467909142166,-0.188788807942014,01 E0 A0 00,0,0,1,2C,6E 28,0,1,1,1,1
5,13,-0.181081349379355,-0.180022088189954,02 00 C0 00,0,0,6,02 36 00 00 50 00,4B 87,0,1,1,1,1
5,14,-0.179883781413224,-0.17922311221255,02 20 60 00,0,0,1,0C,61 41,0,1,1,1,1
5,15,-0.173319173598884,-0.172153416412495,0B C0 A0 00,0,0,7,10 00 00 00 00 00 10,7F 6A,0,1,1,1,1
5,16,-0.170817285669642,-0.169679432482464,01 C0 C0 00,0,0,7,00 50 00 00 00 C2 02,3B 38,0,1,1,1,1
5,17,-0.169653765702549,-0.16844628051734,0B E0 C0 00,0,0,8,10 00 03 44 08 FC 29 31,40 BD,0,1,1,1,1
5,18,-0.16842112573741,-0.167742024537258,01 E0 A0 00,0,0,1,2C,6E 28,0,1,1,1,1
5,19,-0.160824837952248,-0.159765576762847,02 00 C0 00,0,0,6,02 36 00 00 50 00,4B 87,0,1,1,1,1
5,20,-0.15951437398931,-0.158853448788644,02 20 60 00,0,0,1,0C,61 41,0,1,1,1,1
5,21,-0.150703622238495,-0.149565513051325,01 C0 C0 00,0,0,7,00 50 00 00 00 C2 02,3B 38,0,1,1,1,1
5,22,-0.149279494278773,-0.14860039307862,01 E0 A0 00,0,0,1,2C,6E 28,0,1,1,1,1
5,23,-0.140849670517184,-0.139790409327784,02 00 C0 00,0,0,6,02 36 00 00 50 00,4B 87,0,1,1,1,1
5,24,-0.139608582552285,-0.138947913351611,02 20 60 00,0,0,1,0C,61 41,0,1,1,1,1
5,25,-0.130737158803186,-0.129599049616015,01 C0 C0 00,0,0,7,00 50 00 00 00 C2 02,3B 38,0,1,1,1,1
5,26,-0.129217542846163,-0.128538441646011,01 E0 A0 00,0,0,1,2C,6E 28,0,1,1,1,1
5,27,-0.120631303088999,-0.119572041899598,02 00 C0 00,0,0,6,02 36 00 00 50 00,4B 87,0,1,1,1,1
5,28,-0.119338247125569,-0.118677577924895,02 20 60 00,0,0,1,0C,61 41,0,1,1,1,1
5,29,-0.110501383375492,-0.1093640421883,01 C0 C0 00,0,0,7,00 50 00 00 00 C2 02,3B 38,0,1,1,1,1
5,30,-0.109103623415024,-0.108424522214871,01 E0 A0 00,0,0,1,2C,6E 28,0,1,1,1,1
5,31,-0.100656391653928,-0.0995968744645342,02 00 C0 00,0,0,6,02 36 00 00 50 00,4B 87,0,1,1,1,1
5,32,-0.099371783690259,-0.0987111144895853,02 20 60 00,0,0,1,0C,61 41,0,1,1,1,1
5,33,-0.0905438799399292,-0.0894057707527584,01 C0 C0 00,0,0,7,00 50 00 00 00 C2 02,3B 38,0,1,1,1,1
5,34,-0.089354503973567,-0.0886754027734146,01 E0 A0 00,0,0,1,2C,6E 28,0,1,1,1,1
5,35,-0.080429832225974,-0.0793705710365732,02 00 C0 00,0,0,6,02 36 00 00 50 00,4B 87,0,1,1,1,1
5,36,-0.0790932562637749,-0.0784330990630867,02 20 60 00,0,0,1,0C,61 41,0,1,1,1,1
5,37,-0.0703265365117147,-0.0691884273245439,01 C0 C0 00,0,0,7,00 50 00 00 00 C2 02,3B 38,0,1,1,1,1
5,38,-0.0689633365502687,-0.0682842353501162,01 E0 A0 00,0,0,1,2C,6E 28,0,1,1,1,1
5,39,-0.0602122327977668,-0.059152971608366,02 00 C0 00,0,0,6,02 36 00 00 50 00,4B 87,0,1,1,1,1
5,40,-0.0589017688348292,-0.0582410996341555,02 20 60 00,0,0,1,0C,61 41,0,1,1,1,1
5,41,-0.0503600730764049,-0.0492222198892268,01 C0 C0 00,0,0,7,00 50 00 00 00 C2 02,3B 38,0,1,1,1,1
5,42,-0.0490485851134963,-0.0483694839133438,01 E0 A0 00,0,0,1,2C,6E 28,0,1,1,1,1
5,43,-0.040254217362218,-0.0391949561728172,02 00 C0 00,0,0,6,02 36 00 00 50 00,4B 87,0,1,1,1,1
5,44,-0.038969865398542,-0.0383091961978682,02 20 60 00,0,0,1,0C,61 41,0,1,1,1,1
5,45,-0.0301417056482194,-0.0290041084610341,01 C0 C0 00,0,0,7,00 50 00 00 00 C2 02,3B 38,0,1,1,1,1
5,46,-0.0287872096865271,-0.0281081084863747,01 E0 A0 00,0,0,1,2C,6E 28,0,1,1,1,1
5,47,-0.0200276579342642,-0.0189681407448707,02 00 C0 00,0,0,6,02 36 00 00 50 00,4B 87,0,1,1,1,1
5,48,-0.0186823779723113,-0.0180214527716448,02 20 60 00,0,0,1,0C,61 41,0,1,1,1,1
5,49,-0.00988903422100407,-0.00875143703381877,01 C0 C0 00,0,0,7,00 50 00 00 00 C2 02,3B 38,0,1,1,1,1
5,50,-0.0086041702573425,-0.00792506905719005,01 E0 A0 00,0,0,1,2C,6E 28,0,1,1,1,1
5,51,-3.53384996856221E-05,0.00102392268971517,02 00 C0 00,0,0,6,02 36 00 00 50 00,4B 87,0,1,1,1,1
5,52,0.00123160546448275,0.0018922746651565,02 20 60 00,0,0,1,0C,61 41,0,1,1,1,1
5,53,0.0100684692145592,0.0112063224017372,01 C0 C0 00,0,0,7,00 50 00 00 00 C2 02,3B 38,0,1,1,1,1
5,54,0.0112837011801901,0.0119628023803425,01 E0 A0 00,0,0,1,2C,6E 28,0,1,1,1,1
5,55,0.0201825169285144,0.0212417781179151,02 00 C0 00,0,0,6,02 36 00 00 50 00,4B 87,0,1,1,1,1
5,56,0.0214581648924366,0.0221188340931103,02 20 60 00,0,0,1,0C,61 41,0,1,1,1,1
5,57,0.0302863246427592,0.0314241778299372,01 C0 C0 00,0,0,7,00 50 00 00 00 C2 02,3B 38,0,1,1,1,1
5,58,0.0316669326037129,0.0323460338038654,01 E0 A0 00,0,0,1,2C,6E 28,0,1,1,1,1
5,59,0.0402009483623544,0.0412607215517408,02 00 C0 00,0,0,6,02 36 00 00 50 00,4B 87,0,1,1,1,1
5,60,0.0415293323247852,0.0421900015254589,02 20 60 00,0,0,1,0C,61 41,0,1,1,1,1
5,61,0.0503052680765848,0.0514428652637701,01 C0 C0 00,0,0,7,00 50 00 00 00 C2 02,3B 38,0,1,1,1,1
5,62,0.051659764038277,0.0523388652384295,01 E0 A0 00,0,0,1,2C,6E 28,0,1,1,1,1
5,63,0.0604195717905327,0.0614788329799335,02 00 C0 00,0,0,6,02 36 00 00 50 00,4B 87,0,1,1,1,1
5,64,0.0617645957524928,0.0624255209531593,02 20 60 00,0,0,1,0C,61 41,0,1,1,1,1
5,65,0.0702456195126331,0.0713834726998112,01 C0 C0 00,0,0,7,00 50 00 00 00 C2 02,3B 38,0,1,1,1,1
5,66,0.0716523394728483,0.0723314406730008,01 E0 A0 00,0,0,1,2C,6E 28,0,1,1,1,1
5,67,0.0803773312260887,0.0814365924154895,02 00 C0 00,0,0,6,02 36 00 00 50 00,4B 87,0,1,1,1,1
5,68,0.0816964991887801,0.0823574243894466,02 20 60 00,0,0,1,0C,61 41,0,1,1,1,1
5,69,0.0904985469398412,0.0916361441270265,01 C0 C0 00,0,0,7,00 50 00 00 00 C2 02,3B 38,0,1,1,1,1
5,70,0.0918356349020257,0.0925147361021782,01 E0 A0 00,0,0,1,2C,6E 28,0,1,1,1,1
5,71,0.100612594653796,0.10167211184319,02 00 C0 00,0,0,6,02 36 00 00 50 00,4B 87,0,1,1,1,1
5,72,0.101949170615995,0.102609327816684,02 20 60 00,0,0,1,0C,61 41,0,1,1,1,1
5,73,0.102634482596613,0.103451311792871,08 A0 60 00,0,0,3,00 03 0C,09 61,0,1,1,1,1
5,74,0.110551026372718,0.111689135559889,01 C0 C0 00,0,0,7,00 50 00 00 00 C2 02,3B 38,0,1,1,1,1
5,75,0.111792626337603,0.112471727537756,01 E0 A0 00,0,0,1,2C,6E 28,0,1,1,1,1
5,76,0.120665074086673,0.121724591276067,02 00 C0 00,0,0,6,02 36 00 00 50 00,4B 87,0,1,1,1,1
5,77,0.121966834049857,0.122627503250531,02 20 60 00,0,0,1,0C,61 41,0,1,1,1,1
5,78,0.130786289800426,0.131924398987597,01 C0 C0 00,0,0,7,00 50 00 00 00 C2 02,3B 38,0,1,1,1,1
5,79,0.131993073766296,0.132672174966448,01 E0 A0 00,0,0,1,2C,6E 28,0,1,1,1,1
5,80,0.140900337514381,0.141959598703782,02 00 C0 00,0,0,6,02 36 00 00 50 00,4B 87,0,1,1,1,1
5,81,0.142193393477811,0.142854318678477,02 20 60 00,0,0,1,0C,61 41,0,1,1,1,1
5,82,0.150743793235989,0.151881390423174,01 C0 C0 00,0,0,7,00 50 00 00 00 C2 02,3B 38,0,1,1,1,1
5,83,0.151976433201128,0.15265553440128,01 E0 A0 00,0,0,1,2C,6E 28,0,1,1,1,1
5,84,0.160857840949944,0.161917102139345,02 00 C0 00,0,0,6,02 36 00 00 50 00,4B 87,0,1,1,1,1
5,85,0.162150896913374,0.162811822114041,02 20 60 00,0,0,1,0C,61 41,0,1,1,1,1
5,86,0.170970352663943,0.172108205851121,01 C0 C0 00,0,0,7,00 50 00 00 00 C2 02,3B 38,0,1,1,1,1
5,87,0.172237808628097,0.172916909828249,01 E0 A0 00,0,0,1,2C,6E 28,0,1,1,1,1
5,88,0.181075696378144,0.182134957567545,02 00 C0 00,0,0,6,02 36 00 00 50 00,4B 87,0,1,1,1,1
5,89,0.182264560344521,0.182925229545195,02 20 60 00,0,0,1,0C,61 41,0,1,1,1,1
5,90,0.190910448099999,0.192048557287169,01 C0 C0 00,0,0,7,00 50 00 00 00 C2 02,3B 38,0,1,1,1,1
5,91,0.192125936065622,0.192805037265775,01 E0 A0 00,0,0,1,2C,6E 28,0,1,1,1,1
5,92,0.201050607813215,0.202109869002616,02 00 C0 00,0,0,6,02 36 00 00 50 00,4B 87,0,1,1,1,1
5,93,0.202326255777137,0.202987180977804,02 20 60 00,0,0,1,0C,61 41,0,1,1,1,1
5,94,0.211163119527214,0.212300972714392,01 C0 C0 00,0,0,7,00 50 00 00 00 C2 02,3B 38,0,1,1,1,1
5,95,0.212543727488168,0.21322282868832,01 E0 A0 00,0,0,1,2C,6E 28,0,1,1,1,1
5,96,0.221268719241408,0.222327980430809,02 00 C0 00,0,0,6,02 36 00 00 50 00,4B 87,0,1,1,1,1
5,97,0.222466287207538,0.223126956408212,02 20 60 00,0,0,1,0C,61 41,0,1,1,1,1
5,98,0.231381230955407,0.232519084142585,01 C0 C0 00,0,0,7,00 50 00 00 00 C2 02,3B 38,0,1,1,1,1
5,99,0.232727022917345,0.233406124117497,01 E0 A0 00,0,0,1,2C,6E 28,0,1,1,1,1
5,100,0.241226222676971,0.242285739866365,02 00 C0 00,0,0,6,02 36 00 00 50 00,4B 87,0,1,1,1,1
5,101,0.242424046643094,0.243084715843768,02 20 60 00,0,0,1,0C,61 41,0,1,1,1,1
4,1,-0.242572547640265,-0.24143495045308,01 C0 C0 00,0,0,7,00 50 00 00 00 C2 02,3B 38,0,1,1,1,1
4,2,-0.241270275677095,-0.240591174476943,01 E0 A0 00,0,0,1,2C,6E 28,0,1,1,1,1
4,3,-0.232475907925817,-0.231416646736416,02 00 C0 00,0,0,6,02 36 00 00 50 00,4B 87,0,1,1,1,1
4,4,-0.231234819960918,-0.230574150760244,02 20 60 00,0,0,1,0C,61 41,0,1,1,1,1
4,5,-0.222632452204209,-0.221494855017024,01 C0 C0 00,0,0,7,00 50 00 00 00 C2 02,3B 38,0,1,1,1,1
4,6,-0.221382404239563,-0.220703303039411,01 E0 A0 00,0,0,1,2C,6E 28,0,1,1,1,1
4,7,-0.212518404490254,-0.211459143300853,02 00 C0 00,0,0,6,02 36 00 00 50 00,4B 87,0,1,1,1,1
4,8,-0.21116467652854,-0.210504007327866,02 20 60 00,0,0,1,0C,61 41,0,1,1,1,1
4,9,-0.202414596776009,-0.201276487588838,01 C0 C0 00,0,0,7,00 50 00 00 00 C2 02,3B 38,0,1,1,1,1
4,10,-0.201103620813086,-0.200424519612934,01 E0 A0 00,0,0,1,2C,6E 28,0,1,1,1,1
4,11,-0.192300293062061,-0.191241031872661,02 00 C0 00,0,0,6,02 36 00 00 50 00,4B 87,0,1,1,1,1
4,12,-0.191094021096177,-0.190433351895503,02 20 60 00,0,0,1,0C,61 41,0,1,1,1,1
4,13,-0.181024773380955,-0.179886664193784,01 C0 C0 00,0,0,7,00 50 00 00 00 C2 02,3B 38,0,1,1,1,1
4,14,-0.179748613417047,-0.179069256216902,01 E0 A0 00,0,0,1,2C,6E 28,0,1,1,1,1
4,15,-0.172342789626498,-0.171283528437097,02 00 C0 00,0,0,6,02 36 00 00 50 00,4B 87,0,1,1,1,1
4,16,-0.17103232566356,-0.170372424462865,02 20 60 00,0,0,1,0C,61 41,0,1,1,1,1
4,17,-0.161050373945869,-0.159912520758691,01 C0 C0 00,0,0,7,00 50 00 00 00 C2 02,3B 38,0,1,1,1,1
4,18,-0.159852549979746,-0.159173192779601,01 E0 A0 00,0,0,1,2C,6E 28,0,1,1,1,1
4,19,-0.150945030231668,-0.149885769042267,02 00 C0 00,0,0,6,02 36 00 00 50 00,4B 87,0,1,1,1,1
4,20,-0.149712646266522,-0.149051977065848,02 20 60 00,0,0,1,0C,61 41,0,1,1,1,1
4,21,-0.140832518517669,-0.139694665330491,01 C0 C0 00,0,0,7,00 50 00 00 00 C2 02,3B 38,0,1,1,1,1
4,22,-0.139443206556962,-0.138764105356809,01 E0 A0 00,0,0,1,2C,6E 28,0,1,1,1,1
4,23,-0.130987270796112,-0.129928009606711,02 00 C0 00,0,0,6,02 36 00 00 50 00,4B 87,0,1,1,1,1
4,24,-0.129737478831458,-0.129076809630785,02 20 60 00,0,0,1,0C,61 41,0,1,1,1,1
4,25,-0.120874759082113,-0.119737161894928,01 C0 C0 00,0,0,7,00 50 00 00 00 C2 02,3B 38,0,1,1,1,1
4,26,-0.119616007117713,-0.118936905917561,01 E0 A0 00,0,0,1,2C,6E 28,0,1,1,1,1
4,27,-0.110769415367912,-0.109709898178518,02 00 C0 00,0,0,6,02 36 00 00 50 00,4B 87,0,1,1,1,1
4,28,-0.109502215403751,-0.108841546203077,02 20 60 00,0,0,1,0C,61 41,0,1,1,1,1
4,29,-0.100639495654406,-0.0995013864672348,01 C0 C0 00,0,0,7,00 50 00 00 00 C2 02,3B 38,0,1,1,1,1
4,30,-0.0993720396902518,-0.0986926824901065,01 E0 A0 00,0,0,1,2C,6E 28,0,1,1,1,1
4,31,-0.0908119119323487,-0.0897523947429552,02 00 C0 00,0,0,6,02 36 00 00 50 00,4B 87,0,1,1,1,1
4,32,-0.0895534159679414,-0.0888927467672677,02 20 60 00,0,0,1,0C,61 41,0,1,1,1,1
4,33,-0.0806819922188424,-0.0795438830316716,01 C0 C0 00,0,0,7,00 50 00 00 00 C2 02,3B 38,0,1,1,1,1
4,34,-0.0793100882576425,-0.0786309870574901,01 E0 A0 00,0,0,1,2C,6E 28,0,1,1,1,1
4,35,-0.0705676885048945,-0.0695084273154937,02 00 C0 00,0,0,6,02 36 00 00 50 00,4B 87,0,1,1,1,1
4,36,-0.0692833365412184,-0.0686224113405519,02 20 60 00,0,0,1,0C,61 41,0,1,1,1,1
4,37,-0.060446472791142,-0.0593086196039639,01 C0 C0 00,0,0,7,00 50 00 00 00 C2 02,3B 38,0,1,1,1,1
4,38,-0.0591267928284651,-0.0584476916283126,01 E0 A0 00,0,0,1,2C,6E 28,0,1,1,1,1
4,39,-0.0503324250771868,-0.0492723958878077,02 00 C0 00,0,0,6,02 36 00 00 50 00,4B 87,0,1,1,1,1
4,40,-0.0490386011137787,-0.0483779319131049,02 20 60 00,0,0,1,0C,61 41,0,1,1,1,1
4,41,-0.0404884573555933,-0.0393508601684079,01 C0 C0 00,0,0,7,00 50 00 00 00 C2 02,3B 38,0,1,1,1,1
4,42,-0.0392381533909543,-0.0385590521908018,01 E0 A0 00,0,0,1,2C,6E 28,0,1,1,1,1
4,43,-0.0303744096416381,-0.0293151484522373,02 00 C0 00,0,0,6,02 36 00 00 50 00,4B 87,0,1,1,1,1
4,44,-0.0291420256764923,-0.0284813564758185,02 20 60 00,0,0,1,0C,61 41,0,1,1,1,1
4,45,-0.0202618979276394,-0.0191237887404686,01 C0 C0 00,0,0,7,00 50 00 00 00 C2 02,3B 38,0,1,1,1,1
4,46,-0.0190551139617696,-0.0183760127616172,01 E0 A0 00,0,0,1,2C,6E 28,0,1,1,1,1
4,47,-0.0101478502136843,-0.00908858902428346,02 00 C0 00,0,0,6,02 36 00 00 50 00,4B 87,0,1,1,1,1
4,48,-0.00889805824903078,-0.00823738904835704,02 20 60 00,0,0,1,0C,61 41,0,1,1,1,1
4,49,-4.40424994394562E-05,0.00109406668773136,01 C0 C0 00,0,0,7,00 50 00 00 00 C2 02,3B 38,0,1,1,1,1
4,50,0.00135397346102195,0.0020330746611744,01 E0 A0 00,0,0,1,2C,6E 28,0,1,1,1,1
4,51,0.00980990922187175,0.0108691704112725,02 00 C0 00,0,0,6,02 36 00 00 50 00,4B 87,0,1,1,1,1
4,52,0.0111203731848093,0.011781042385483,02 20 60 00,0,0,1,0C,61 41,0,1,1,1,1
4,53,0.0199137169361165,0.0210513141233018,01 C0 C0 00,0,0,7,00 50 00 00 00 C2 02,3B 38,0,1,1,1,1
4,54,0.0211289489017474,0.0218080501018999,01 E0 A0 00,0,0,1,2C,6E 28,0,1,1,1,1
4,55,0.0300277646500717,0.0310870258394725,02 00 C0 00,0,0,6,02 36 00 00 50 00,4B 87,0,1,1,1,1
4,56,0.0312166286164484,0.0318772978171221,02 20 60 00,0,0,1,0C,61 41,0,1,1,1,1
4,57,0.0401661323633391,0.0413042415505099,01 C0 C0 00,0,0,7,00 50 00 00 00 C2 02,3B 38,0,1,1,1,1
4,58,0.0415119243252775,0.04219102552543,01 E0 A0 00,0,0,1,2C,6E 28,0,1,1,1,1
4,59,0.0500113800848965,0.0510706412742973,02 00 C0 00,0,0,6,02 36 00 00 50 00,4B 87,0,1,1,1,1
4,60,0.0512957320485725,0.051956657249239,02 20 60 00,0,0,1,0C,61 41,0,1,1,1,1
4,61,0.0601238917988951,0.0612617449860732,01 C0 C0 00,0,0,7,00 50 00 00 00 C2 02,3B 38,0,1,1,1,1
4,62,0.0614870917603412,0.0621661929604936,01 E0 A0 00,0,0,1,2C,6E 28,0,1,1,1,1
4,63,0.070238195512843,0.0712974567022439,02 00 C0 00,0,0,6,02 36 00 00 50 00,4B 87,0,1,1,1,1
4,64,0.0715312514762729,0.0721914086769612,02 20 60 00,0,0,1,0C,61 41,0,1,1,1,1
4,65,0.0803414912271023,0.0814793444142804,01 C0 C0 00,0,0,7,00 50 00 00 00 C2 02,3B 38,0,1,1,1,1
4,66,0.0816089471912562,0.0822880483914087,01 E0 A0 00,0,0,1,2C,6E 28,0,1,1,1,1
4,67,0.0904552829410648,0.0915148001304583,02 00 C0 00,0,0,6,02 36 00 00 50 00,4B 87,0,1,1,1,1
4,68,0.0917660029039951,0.0924266721046688,02 20 60 00,0,0,1,0C,61 41,0,1,1,1,1
4,69,0.100298994662666,0.101436847849844,01 C0 C0 00,0,0,7,00 50 00 00 00 C2 02,3B 38,0,1,1,1,1
4,70,0.101557746627066,0.102236847827218,01 E0 A0 00,0,0,1,2C,6E 28,0,1,1,1,1
4,71,0.110413042376621,0.111472303566022,02 00 C0 00,0,0,6,02 36 00 00 50 00,4B 87,0,1,1,1,1
4,72,0.111619314342505,0.112279983543179,02 20 60 00,0,0,1,0C,61 41,0,1,1,1,1
4,73,0.120525554090619,0.121663407277797,01 C0 C0 00,0,0,7,00 50 00 00 00 C2 02,3B 38,0,1,1,1,1
4,74,0.121819122054035,0.122498223254187,01 E0 A0 00,0,0,1,2C,6E 28,0,1,1,1,1
4,75,0.130639601804575,0.131698862993975,02 00 C0 00,0,0,6,02 36 00 00 50 00,4B 87,0,1,1,1,1
4,76,0.131898097768982,0.132558766969656,02 20 60 00,0,0,1,0C,61 41,0,1,1,1,1
4,77,0.14050046552569,0.141638318712868,01 C0 C0 00,0,0,7,00 50 00 00 00 C2 02,3B 38,0,1,1,1,1
4,78,0.141741809490583,0.142421166690728,01 E0 A0 00,0,0,1,2C,6E 28,0,1,1,1,1
4,79,0.150605809239892,0.151665070429292,02 00 C0 00,0,0,6,02 36 00 00 50 00,4B 87,0,1,1,1,1
4,80,0.151794673206268,0.152455342406942,02 20 60 00,0,0,1,0C,61 41,0,1,1,1,1
4,81,0.16071832095389,0.161856430141061,01 C0 C0 00,0,0,7,00 50 00 00 00 C2 02,3B 38,0,1,1,1,1
4,82,0.16192510491976,0.162604206119912,01 E0 A0 00,0,0,1,2C,6E 28,0,1,1,1,1
4,83,0.170832368667845,0.171891885857239,02 00 C0 00,0,0,6,02 36 00 00 50 00,4B 87,0,1,1,1,1
4,84,0.17203864063373,0.172699309834403,02 20 60 00,0,0,1,0C,61 41,0,1,1,1,1
4,85,0.180953584381598,0.182091693568769,01 C0 C0 00,0,0,7,00 50 00 00 00 C2 02,3B 38,0,1,1,1,1
4,86,0.18230808034329,0.182987181543443,01 E0 A0 00,0,0,1,2C,6E 28,0,1,1,1,1
4,87,0.190807536102909,0.19186679729231,02 00 C0 00,0,0,6,02 36 00 00 50 00,4B 87,0,1,1,1,1
4,88,0.19200510406904,0.192665773269713,02 20 60 00,0,0,1,0C,61 41,0,1,1,1,1
4,89,0.200911343817154,0.202048685004346,01 C0 C0 00,0,0,7,00 50 00 00 00 C2 02,3B 38,0,1,1,1,1
4,90,0.202231023779831,0.202910124979983,01 E0 A0 00,0,0,1,2C,6E 28,0,1,1,1,1
4,91,0.211025391531109,0.21208465272051,02 00 C0 00,0,0,6,02 36 00 00 50 00,4B 87,0,1,1,1,1
4,92,0.212240367496747,0.212901036697421,02 20 60 00,0,0,1,0C,61 41,0,1,1,1,1
4,93,0.221137903245108,0.222276012432278,01 C0 C0 00,0,0,7,00 50 00 00 00 C2 02,3B 38,0,1,1,1,1
4,94,0.2224923992068,0.223171756406945,01 E0 A0 00,0,0,1,2C,6E 28,0,1,1,1,1
4,95,0.230983150966665,0.232042924156051,02 00 C0 00,0,0,6,02 36 00 00 50 00,4B 87,0,1,1,1,1
4,96,0.232233454931304,0.232894124131978,02 20 60 00,0,0,1,0C,61 41,0,1,1,1,1
4,97,0.241113582680157,0.242251691867328,01 C0 C0 00,0,0,7,00 50 00 00 00 C2 02,3B 38,0,1,1,1,1
4,98,0.242441966642588,0.24312106784274,01 E0 A0 00,0,0,1,2C,6E 28,0,1,1,1,1
3,1,-0.242494979642458,-0.241435718453058,02 00 C0 00,0,0,6,02 36 00 00 50 00,4B 87,0,1,1,1,1
3,2,-0.241288707676574,-0.240628294475893,02 20 60 00,0,0,1,0C,61 41,0,1,1,1,1
3,3,-0.232651779920843,-0.231513670733672,01 C0 C0 00,0,0,7,00 50 00 00 00 C2 02,3B 38,0,1,1,1,1
3,4,-0.231149315963336,-0.230470214763183,01 E0 A0 00,0,0,1,2C,6E 28,0,1,1,1,1
3,5,-0.222537220206902,-0.221477959017502,02 00 C0 00,0,0,6,02 36 00 00 50 00,4B 87,0,1,1,1,1
3,6,-0.221209348244457,-0.220548423043791,02 20 60 00,0,0,1,0C,61 41,0,1,1,1,1
3,7,-0.212433412492658,-0.211295815305472,01 C0 C0 00,0,0,7,00 50 00 00 00 C2 02,3B 38,0,1,1,1,1
3,8,-0.211026692532442,-0.21034759133229,01 E0 A0 00,0,0,1,2C,6E 28,0,1,1,1,1
3,9,-0.202292996779448,-0.201233735590048,02 00 C0 00,0,0,6,02 36 00 00 50 00,4B 87,0,1,1,1,1
3,10,-0.200973828816757,-0.200313159616083,02 20 60 00,0,0,1,0C,61 41,0,1,1,1,1
3,11,-0.200288260836146,-0.199471175639896,08 A0 60 00,0,0,3,00 03 0C,09 61,0,1,1,1,1
3,12,-0.192293381062257,-0.191155783875071,01 C0 C0 00,0,0,7,00 50 00 00 00 C2 02,3B 38,0,1,1,1,1
3,13,-0.190982405099334,-0.190303303899181,01 E0 A0 00,0,0,1,2C,6E 28,0,1,1,1,1
3,14,-0.182188037348055,-0.181128776158655,02 00 C0 00,0,0,6,02 36 00 00 50 00,4B 87,0,1,1,1,1
3,15,-0.180920837383894,-0.180260168183221,02 20 60 00,0,0,1,0C,61 41,0,1,1,1,1
3,16,-0.172058117634549,-0.170920264447371,01 C0 C0 00,0,0,7,00 50 00 00 00 C2 02,3B 38,0,1,1,1,1
3,17,-0.170799365670149,-0.170120264469997,01 E0 A0 00,0,0,1,2C,6E 28,0,1,1,1,1
3,18,-0.162213125912984,-0.161153864723584,02 00 C0 00,0,0,6,02 36 00 00 50 00,4B 87,0,1,1,1,1
3,19,-0.16095488594857,-0.160294216747896,02 20 60 00,0,0,1,0C,61 41,0,1,1,1,1
3,20,-0.152091910199232,-0.150954057012054,01 C0 C0 00,0,0,7,00 50 00 00 00 C2 02,3B 38,0,1,1,1,1
3,21,-0.150885382233355,-0.150206281033203,01 E0 A0 00,0,0,1,2C,6E 28,0,1,1,1,1
3,22,-0.141978374485262,-0.140918601295876,02 00 C0 00,0,0,6,02 36 00 00 50 00,4B 87,0,1,1,1,1
3,23,-0.140728070520623,-0.14006740131995,02 20 60 00,0,0,1,0C,61 41,0,1,1,1,1
3,24,-0.131865350771278,-0.130727753584093,01 C0 C0 00,0,0,7,00 50 00 00 00 C2 02,3B 38,0,1,1,1,1
3,25,-0.130502150809832,-0.12982304960968,01 E0 A0 00,0,0,1,2C,6E 28,0,1,1,1,1
3,26,-0.122011399049967,-0.120952137860566,02 00 C0 00,0,0,6,02 36 00 00 50 00,4B 87,0,1,1,1,1
3,27,-0.12082253508359,-0.120161865882917,02 20 60 00,0,0,1,0C,61 41,0,1,1,1,1
3,28,-0.111898887335968,-0.110761546148776,01 C0 C0 00,0,0,7,00 50 00 00 00 C2 02,3B 38,0,1,1,1,1
3,29,-0.110657543371076,-0.109978442170923,01 E0 A0 00,0,0,1,2C,6E 28,0,1,1,1,1
3,30,-0.10179379962176,-0.100734282432366,02 00 C0 00,0,0,6,02 36 00 00 50 00,4B 87,0,1,1,1,1
3,31,-0.100578823656122,-0.0999181544554478,02 20 60 00,0,0,1,0C,61 41,0,1,1,1,1
3,32,-0.0905180239406604,-0.0893799147534896,01 C0 C0 00,0,0,7,00 50 00 00 00 C2 02,3B 38,0,1,1,1,1
3,33,-0.0891548239792144,-0.0884757227790619,01 E0 A0 00,0,0,1,2C,6E 28,0,1,1,1,1
3,34,-0.0818534481857114,-0.0807941869963106,02 00 C0 00,0,0,6,02 36 00 00 50 00,4B 87,0,1,1,1,1
3,35,-0.08053428022302,-0.0798736110223462,02 20 60 00,0,0,1,0C,61 41,0,1,1,1,1
3,36,-0.0705428565055968,-0.0694050033184187,01 C0 C0 00,0,0,7,00 50 00 00 00 C2 02,3B 38,0,1,1,1,1
3,37,-0.0691796565441507,-0.0685005553439982,01 E0 A0 00,0,0,1,2C,6E 28,0,1,1,1,1
3,38,-0.0604288087916416,-0.059369291602248,02 00 C0 00,0,0,6,02 36 00 00 50 00,4B 87,0,1,1,1,1
3,39,-0.0592051288262496,-0.0585444596255759,02 20 60 00,0,0,1,0C,61 41,0,1,1,1,1
3,40,-0.0503250010773968,-0.0491874038902115,01 C0 C0 00,0,0,7,00 50 00 00 00 C2 02,3B 38,0,1,1,1,1
3,41,-0.0489966171149661,-0.0483175159148136,01 E0 A0 00,0,0,1,2C,6E 28,0,1,1,1,1
3,42,-0.0402281053629565,-0.0391688441735557,02 00 C0 00,0,0,6,02 36 00 00 50 00,4B 87,0,1,1,1,1
3,43,-0.0389611613987881,-0.0383004921981144,02 20 60 00,0,0,1,0C,61 41,0,1,1,1,1
3,44,-0.0303846496413485,-0.0292467964541704,01 C0 C0 00,0,0,7,00 50 00 00 00 C2 02,3B 38,0,1,1,1,1
3,45,-0.0291084896774407,-0.0284293884772883,01 E0 A0 00,0,0,1,2C,6E 28,0,1,1,1,1
3,46,-0.0202706019273933,-0.0192113407379925,02 00 C0 00,0,0,6,02 36 00 00 50 00,4B 87,0,1,1,1,1
3,47,-0.0190034019632321,-0.0183427327625584,02 20 60 00,0,0,1,0C,61 41,0,1,1,1,1
3,48,-0.0101493862136408,-0.00901127702646999,01 C0 C0 00,0,0,7,00 50 00 00 00 C2 02,3B 38,0,1,1,1,1
3,49,-0.00892519424826332,-0.00824609304811087,01 E0 A0 00,0,0,1,2C,6E 28,0,1,1,1,1
3,50,-3.53384996856221E-05,0.00102392268971517,02 00 C0 00,0,0,6,02 36 00 00 50 00,4B 87,0,1,1,1,1
3,51,0.00124030946423659,0.00190097866491033,02 20 60 00,0,0,1,0C,61 41,0,1,1,1,1
3,52,0.00981682122167626,0.0109541624088688,01 C0 C0 00,0,0,7,00 50 00 00 00 C2 02,3B 38,0,1,1,1,1
3,53,0.0111365011843532,0.0118156023845056,01 E0 A0 00,0,0,1,2C,6E 28,0,1,1,1,1
3,54,0.0199308689356315,0.0209901301250322,02 00 C0 00,0,0,6,02 36 00 00 50 00,4B 87,0,1,1,1,1
3,55,0.0212326288988152,0.0218932980994889,02 20 60 00,0,0,1,0C,61 41,0,1,1,1,1
3,56,0.0300520846493839,0.0311896818365692,01 C0 C0 00,0,0,7,00 50 00 00 00 C2 02,3B 38,0,1,1,1,1
3,57,0.031258612615261,0.0319377138154134,01 E0 A0 00,0,0,1,2C,6E 28,0,1,1,1,1
3,58,0.0401569163635997,0.0412164335529933,02 00 C0 00,0,0,6,02 36 00 00 50 00,4B 87,0,1,1,1,1
3,59,0.0414586763267835,0.0421193455274572,02 20 60 00,0,0,1,0C,61 41,0,1,1,1,1
3,60,0.0500090760849616,0.0511466732721469,01 C0 C0 00,0,0,7,00 50 00 00 00 C2 02,3B 38,0,1,1,1,1
3,61,0.0512069000510849,0.0518860012512373,01 E0 A0 00,0,0,1,2C,6E 28,0,1,1,1,1
3,62,0.0601231237989168,0.0611823849883176,02 00 C0 00,0,0,6,02 36 00 00 50 00,4B 87,0,1,1,1,1
3,63,0.0613726597635775,0.0620333289642513,02 20 60 00,0,0,1,0C,61 41,0,1,1,1,1
3,64,0.0702269315131616,0.0713642727003542,01 C0 C0 00,0,0,7,00 50 00 00 00 C2 02,3B 38,0,1,1,1,1
3,65,0.0716159874738764,0.0722950886740289,01 E0 A0 00,0,0,1,2C,6E 28,0,1,1,1,1
3,66,0.0803409792271168,0.0814002404165176,02 00 C0 00,0,0,6,02 36 00 00 50 00,4B 87,0,1,1,1,1
3,67,0.0816168831910318,0.0822772963917128,02 20 60 00,0,0,1,0C,61 41,0,1,1,1,1
3,68,0.0904534909411154,0.0915916001282863,01 C0 C0 00,0,0,7,00 50 00 00 00 C2 02,3B 38,0,1,1,1,1
3,69,0.0918166909025615,0.092495792102714,01 E0 A0 00,0,0,1,2C,6E 28,0,1,1,1,1
3,70,0.100298738662673,0.101357999852074,02 00 C0 00,0,0,6,02 36 00 00 50 00,4B 87,0,1,1,1,1
3,71,0.101626610625118,0.102287535825785,02 20 60 00,0,0,1,0C,61 41,0,1,1,1,1
3,72,0.110411250376671,0.111549359563842,01 C0 C0 00,0,0,7,00 50 00 00 00 C2 02,3B 38,0,1,1,1,1
3,73,0.11164389034181,0.112322991541962,01 E0 A0 00,0,0,1,2C,6E 28,0,1,1,1,1
3,74,0.120516594090873,0.121575855280274,02 00 C0 00,0,0,6,02 36 00 00 50 00,4B 87,0,1,1,1,1
3,75,0.121731570056511,0.122392239257185,02 20 60 00,0,0,1,0C,61 41,0,1,1,1,1
3,76,0.130655217804133,0.131793070991311,01 C0 C0 00,0,0,7,00 50 00 00 00 C2 02,3B 38,0,1,1,1,1
3,77,0.132027121765333,0.132706222965485,01 E0 A0 00,0,0,1,2C,6E 28,0,1,1,1,1
3,78,0.140508913525451,0.141568430714845,02 00 C0 00,0,0,6,02 36 00 00 50 00,4B 87,0,1,1,1,1
3,79,0.141810673488635,0.142471598689301,02 20 60 00,0,0,1,0C,61 41,0,1,1,1,1
3,80,0.150621681239443,0.151759534426621,01 C0 C0 00,0,0,7,00 50 00 00 00 C2 02,3B 38,0,1,1,1,1
3,81,0.151949809201881,0.152628910402033,01 E0 A0 00,0,0,1,2C,6E 28,0,1,1,1,1
3,82,0.160727024953644,0.161786286143045,02 00 C0 00,0,0,6,02 36 00 00 50 00,4B 87,0,1,1,1,1
3,83,0.162037488916582,0.16269764611727,02 20 60 00,0,0,1,0C,61 41,0,1,1,1,1
3,84,0.170839024667657,0.171976621854842,01 C0 C0 00,0,0,7,00 50 00 00 00 C2 02,3B 38,0,1,1,1,1
3,85,0.172132592631073,0.172811693831225,01 E0 A0 00,0,0,1,2C,6E 28,0,1,1,1,1
3,86,0.180953072381612,0.182012333571013,02 00 C0 00,0,0,6,02 36 00 00 50 00,4B 87,0,1,1,1,1
3,87,0.182280944344058,0.182941869544724,02 20 60 00,0,0,1,0C,61 41,0,1,1,1,1
3,88,0.19079652810322,0.191934637290391,01 C0 C0 00,0,0,7,00 50 00 00 00 C2 02,3B 38,0,1,1,1,1
3,89,0.192081392066882,0.192760493267034,01 E0 A0 00,0,0,1,2C,6E 28,0,1,1,1,1
3,90,0.200910575817176,0.201969837006576,02 00 C0 00,0,0,6,02 36 00 00 50 00,4B 87,0,1,1,1,1
3,91,0.202134255782568,0.202794924983241,02 20 60 00,0,0,1,0C,61 41,0,1,1,1,1
3,92,0.211023087531174,0.212160684718359,01 C0 C0 00,0,0,7,00 50 00 00 00 C2 02,3B 38,0,1,1,1,1
3,93,0.212281839495574,0.212960940695727,01 E0 A0 00,0,0,1,2C,6E 28,0,1,1,1,1
3,94,0.221128431245376,0.222187692434776,02 00 C0 00,0,0,6,02 36 00 00 50 00,4B 87,0,1,1,1,1
3,95,0.222395631209537,0.223055532410232,02 20 60 00,0,0,1,0C,61 41,0,1,1,1,1
3,96,0.231257838958896,0.232395692146074,01 C0 C0 00,0,0,7,00 50 00 00 00 C2 02,3B 38,0,1,1,1,1
3,97,0.232464366924773,0.233143468124926,01 E0 A0 00,0,0,1,2C,6E 28,0,1,1,1,1
3,98,0.241102574680468,0.242162091869862,02 00 C0 00,0,0,6,02 36 00 00 50 00,4B 87,0,1,1,1,1
3,99,0.242309102646345,0.242969771847019,02 20 60 00,0,0,1,0C,61 41,0,1,1,1,1
2,1,-0.242571779640286,-0.241434182453101,01 C0 C0 00,0,0,7,00 50 00 00 00 C2 02,3B 38,0,1,1,1,1
2,2,-0.241313027675886,-0.240633926475734,01 E0 A0 00,0,0,1,2C,6E 28,0,1,1,1,1
2,3,-0.232457731926331,-0.231398470736931,02 00 C0 00,0,0,6,02 36 00 00 50 00,4B 87,0,1,1,1,1
2,4,-0.231147267963394,-0.230486342762727,02 20 60 00,0,0,1,0C,61 41,0,1,1,1,1
2,5,-0.222336516212579,-0.221198919025394,01 C0 C0 00,0,0,7,00 50 00 00 00 C2 02,3B 38,0,1,1,1,1
2,6,-0.221129988246702,-0.220450887046549,01 E0 A0 00,0,0,1,2C,6E 28,0,1,1,1,1
2,7,-0.212483332491246,-0.211424071301845,02 00 C0 00,0,0,6,02 36 00 00 50 00,4B 87,0,1,1,1,1
2,8,-0.211233540526592,-0.210572871325919,02 20 60 00,0,0,1,0C,61 41,0,1,1,1,1
2,9,-0.202362116777493,-0.201224007590323,01 C0 C0 00,0,0,7,00 50 00 00 00 C2 02,3B 38,0,1,1,1,1
2,10,-0.201103364813093,-0.200424007612948,01 E0 A0 00,0,0,1,2C,6E 28,0,1,1,1,1
2,11,-0.192248069063538,-0.191188807874138,02 00 C0 00,0,0,6,02 36 00 00 50 00,4B 87,0,1,1,1,1
2,12,-0.190963461099869,-0.190302791899196,02 20 60 00,0,0,1,0C,61 41,0,1,1,1,1
2,13,-0.182144261349293,-0.181006152162123,01 C0 C0 00,0,0,7,00 50 00 00 00 C2 02,3B 38,0,1,1,1,1
2,14,-0.180745989388839,-0.180066888188687,01 E0 A0 00,0,0,1,2C,6E 28,0,1,1,1,1
2,15,-0.172029701635353,-0.170970440445952,02 00 C0 00,0,0,6,02 36 00 00 50 00,4B 87,0,1,1,1,1
2,16,-0.170736645671923,-0.170076488471235,02 20 60 00,0,0,1,0C,61 41,0,1,1,1,1
2,17,-0.162178053913976,-0.161040200726798,01 C0 C0 00,0,0,7,00 50 00 00 00 C2 02,3B 38,0,1,1,1,1
2,18,-0.160797701953015,-0.16011834475287,01 E0 A0 00,0,0,1,2C,6E 28,0,1,1,1,1
2,19,-0.152011782201498,-0.150952521012097,02 00 C0 00,0,0,6,02 36 00 00 50 00,4B 87,0,1,1,1,1
2,20,-0.150718726238068,-0.150058057037395,02 20 60 00,0,0,1,0C,61 41,0,1,1,1,1
2,21,-0.141873158488238,-0.14073530530106,01 C0 C0 00,0,0,7,00 50 00 00 00 C2 02,3B 38,0,1,1,1,1
2,22,-0.140588294524576,-0.139909193324424,01 E0 A0 00,0,0,1,2C,6E 28,0,1,1,1,1
2,23,-0.132054022765942,-0.130994761576541,02 00 C0 00,0,0,6,02 36 00 00 50 00,4B 87,0,1,1,1,1
2,24,-0.130752262802758,-0.130091593602085,02 20 60 00,0,0,1,0C,61 41,0,1,1,1,1
2,25,-0.121915655052675,-0.120777545865504,01 C0 C0 00,0,0,7,00 50 00 00 00 C2 02,3B 38,0,1,1,1,1
2,26,-0.12067405508779,-0.119994953887637,01 E0 A0 00,0,0,1,2C,6E 28,0,1,1,1,1
2,27,-0.11180160733872,-0.110742346149319,02 00 C0 00,0,0,6,02 36 00 00 50 00,4B 87,0,1,1,1,1
2,28,-0.110525703374805,-0.109865034174131,02 20 60 00,0,0,1,0C,61 41,0,1,1,1,1
2,29,-0.101680391624967,-0.100542282437796,01 C0 C0 00,0,0,7,00 50 00 00 00 C2 02,3B 38,0,1,1,1,1
2,30,-0.10041267966082,-0.099733578460668,01 E0 A0 00,0,0,1,2C,6E 28,0,1,1,1,1
2,31,-0.0915921999102807,-0.0905329387208799,02 00 C0 00,0,0,6,02 36 00 00 50 00,4B 87,0,1,1,1,1
2,32,-0.0902471759483205,-0.0895865067476468,02 20 60 00,0,0,1,0C,61 41,0,1,1,1,1
2,33,-0.0817315921891577,-0.0805934830019869,01 C0 C0 00,0,0,7,00 50 00 00 00 C2 02,3B 38,0,1,1,1,1
2,34,-0.0804638802250111,-0.0797847790248586,01 E0 A0 00,0,0,1,2C,6E 28,0,1,1,1,1
2,35,-0.0716175444752025,-0.070558027285809,02 00 C0 00,0,0,6,02 36 00 00 50 00,4B 87,0,1,1,1,1
2,36,-0.0703416405112876,-0.0696809713106138,02 20 60 00,0,0,1,0C,61 41,0,1,1,1,1
2,37,-0.0615047767612111,-0.0603674355740186,01 C0 C0 00,0,0,7,00 50 00 00 00 C2 02,3B 38,0,1,1,1,1
2,38,-0.0601070168007425,-0.05942791560059,01 E0 A0 00,0,0,1,2C,6E 28,0,1,1,1,1
2,39,-0.0502274650801553,-0.0491682038907545,02 00 C0 00,0,0,6,02 36 00 00 50 00,4B 87,0,1,1,1,1
2,40,-0.0489082971174639,-0.0482481399167757,02 20 60 00,0,0,1,0C,61 41,0,1,1,1,1
2,41,-0.0415477853256334,-0.0404096761384626,01 C0 C0 00,0,0,7,00 50 00 00 00 C2 02,3B 38,0,1,1,1,1
2,42,-0.0403584093592713,-0.0396795641591116,01 E0 A0 00,0,0,1,2C,6E 28,0,1,1,1,1
2,43,-0.0314426976114248,-0.030383436422024,02 00 C0 00,0,0,6,02 36 00 00 50 00,4B 87,0,1,1,1,1
2,44,-0.0302451296452944,-0.0295844604446206,02 20 60 00,0,0,1,0C,61 41,0,1,1,1,1
2,45,-0.0295593056646908,-0.0287424764684336,08 A0 60 00,0,0,3,00 03 0C,09 61,0,1,1,1,1
2,46,-0.0214430818942333,-0.0203049727070625,01 C0 C0 00,0,0,7,00 50 00 00 00 C2 02,3B 38,0,1,1,1,1
2,47,-0.0200967779323094,-0.0194176767321569,01 E0 A0 00,0,0,1,2C,6E 28,0,1,1,1,1
2,48,-0.0101652582131919,-0.00910574102379837,02 00 C0 00,0,0,6,02 36 00 00 50 00,4B 87,0,1,1,1,1
2,49,-0.0089674342470687,-0.00830676504639495,02 20 60 00,0,0,1,0C,61 41,0,1,1,1,1
2,50,-4.40424994394562E-05,0.00109406668773136,01 C0 C0 00,0,0,7,00 50 00 00 00 C2 02,3B 38,0,1,1,1,1
2,51,0.00125848546372254,0.00193758666387498,01 E0 A0 00,0,0,1,2C,6E 28,0,1,1,1,1
2,52,0.0100615572147547,0.0111208184041554,02 00 C0 00,0,0,6,02 36 00 00 50 00,4B 87,0,1,1,1,1
2,53,0.0112939411799005,0.0119546103805742,02 20 60 00,0,0,1,0C,61 41,0,1,1,1,1
2,54,0.0201566609292456,0.0212947701164164,01 C0 C0 00,0,0,7,00 50 00 00 00 C2 02,3B 38,0,1,1,1,1
2,55,0.0214415248929072,0.0221206260930596,01 E0 A0 00,0,0,1,2C,6E 28,0,1,1,1,1
2,56,0.0300016526508102,0.0310616818401893,02 00 C0 00,0,0,6,02 36 00 00 50 00,4B 87,0,1,1,1,1
2,57,0.0312519566154492,0.031912625816123,02 20 60 00,0,0,1,0C,61 41,0,1,1,1,1
2,58,0.0401149323647871,0.0412527855519652,01 C0 C0 00,0,0,7,00 50 00 00 00 C2 02,3B 38,0,1,1,1,1
2,59,0.0414259083277102,0.0421050095278627,01 E0 A0 00,0,0,1,2C,6E 28,0,1,1,1,1
2,60,0.0502202760789885,0.0512795372683893,02 00 C0 00,0,0,6,02 36 00 00 50 00,4B 87,0,1,1,1,1
2,61,0.0514961800429035,0.0521568492435772,02 20 60 00,0,0,1,0C,61 41,0,1,1,1,1
2,62,0.060341491792741,0.0614796009799118,01 C0 C0 00,0,0,7,00 50 00 00 00 C2 02,3B 38,0,1,1,1,1
2,63,0.0615395717588569,0.0622184169590166,01 E0 A0 00,0,0,1,2C,6E 28,0,1,1,1,1
2,64,0.0701946755140739,0.0712541927034674,02 00 C0 00,0,0,6,02 36 00 00 50 00,4B 87,0,1,1,1,1
2,65,0.0713924994801971,0.0720531686808709,02 20 60 00,0,0,1,0C,61 41,0,1,1,1,1
2,66,0.0803071872280725,0.0814452964152433,01 C0 C0 00,0,0,7,00 50 00 00 00 C2 02,3B 38,0,1,1,1,1
2,67,0.0814965631944347,0.0821756643945871,01 E0 A0 00,0,0,1,2C,6E 28,0,1,1,1,1
2,68,0.0904212349420277,0.0914804961314285,02 00 C0 00,0,0,6,02 36 00 00 50 00,4B 87,0,1,1,1,1
2,69,0.0916362109076658,0.0922968801083396,02 20 60 00,0,0,1,0C,61 41,0,1,1,1,1
2,70,0.10054245065578,0.101679791842973,01 C0 C0 00,0,0,7,00 50 00 00 00 C2 02,3B 38,0,1,1,1,1
2,71,0.101757682621411,0.102436527821571,01 E0 A0 00,0,0,1,2C,6E 28,0,1,1,1,1
2,72,0.110395634377113,0.111454895566514,02 00 C0 00,0,0,6,02 36 00 00 50 00,4B 87,0,1,1,1,1
2,73,0.111688690340543,0.112349615541209,02 20 60 00,0,0,1,0C,61 41,0,1,1,1,1
2,74,0.120499442091358,0.121637551278529,01 C0 C0 00,0,0,7,00 50 00 00 00 C2 02,3B 38,0,1,1,1,1
2,75,0.121871346052558,0.12255044725271,01 E0 A0 00,0,0,1,2C,6E 28,0,1,1,1,1
2,76,0.130605041805552,0.131664302994953,02 00 C0 00,0,0,6,02 36 00 00 50 00,4B 87,0,1,1,1,1
2,77,0.131924209768243,0.13258513496891,02 20 60 00,0,0,1,0C,61 41,0,1,1,1,1
2,78,0.140717553519551,0.141855150706736,01 C0 C0 00,0,0,7,00 50 00 00 00 C2 02,3B 38,0,1,1,1,1
2,79,0.142054641481735,0.142733742681888,01 E0 A0 00,0,0,1,2C,6E 28,0,1,1,1,1
2,80,0.150823153233745,0.151882414423145,02 00 C0 00,0,0,6,02 36 00 00 50 00,4B 87,0,1,1,1,1
2,81,0.152159729195944,0.152820398396617,02 20 60 00,0,0,1,0C,61 41,0,1,1,1,1
2,82,0.160666608955353,0.161804462142531,01 C0 C0 00,0,0,7,00 50 00 00 00 C2 02,3B 38,0,1,1,1,1
2,83,0.162038512916553,0.162717614116705,01 E0 A0 00,0,0,1,2C,6E 28,0,1,1,1,1
2,84,0.170780912669301,0.171840173858701,02 00 C0 00,0,0,6,02 36 00 00 50 00,4B 87,0,1,1,1,1
2,85,0.172073968632731,0.172734637833404,02 20 60 00,0,0,1,0C,61 41,0,1,1,1,1
2,86,0.180884720383546,0.182022317570731,01 C0 C0 00,0,0,7,00 50 00 00 00 C2 02,3B 38,0,1,1,1,1
2,87,0.182160880347453,0.182839981547606,01 E0 A0 00,0,0,1,2C,6E 28,0,1,1,1,1
2,88,0.190998768097501,0.192058029286901,02 00 C0 00,0,0,6,02 36 00 00 50 00,4B 87,0,1,1,1,1
2,89,0.192300528060684,0.192961453261351,02 20 60 00,0,0,1,0C,61 41,0,1,1,1,1
2,90,0.200877039818124,0.202014893005302,01 C0 C0 00,0,0,7,00 50 00 00 00 C2 02,3B 38,0,1,1,1,1
2,91,0.202188015781047,0.2028671169812,01 E0 A0 00,0,0,1,2C,6E 28,0,1,1,1,1
2,92,0.210982383532325,0.212041900721719,02 00 C0 00,0,0,6,02 36 00 00 50 00,4B 87,0,1,1,1,1
2,93,0.21218865549821,0.212849324698883,02 20 60 00,0,0,1,0C,61 41,0,1,1,1,1
2,94,0.221094895246324,0.222232492433509,01 C0 C0 00,0,0,7,00 50 00 00 00 C2 02,3B 38,0,1,1,1,1
2,95,0.222371055210232,0.223050156410384,01 E0 A0 00,0,0,1,2C,6E 28,0,1,1,1,1
2,96,0.231200238960525,0.232259756149919,02 00 C0 00,0,0,6,02 36 00 00 50 00,4B 87,0,1,1,1,1
2,97,0.232432622925671,0.233093292126345,02 20 60 00,0,0,1,0C,61 41,0,1,1,1,1
2,98,0.241313006674517,0.242450859861695,01 C0 C0 00,0,0,7,00 50 00 00 00 C2 02,3B 38,0,1,1,1,1
2,99,0.242693614635471,0.243372715835623,01 E0 A0 00,0,0,1,2C,6E 28,0,1,1,1,1
1,1,-0.249943299431806,-0.249264198231653,01 E0 A0 00,0,0,1,2C,6E 28,0,1,1,1,1
1,2,-0.241183747679543,-0.240124230490149,02 00 C0 00,0,0,6,02 36 00 00 50 00,4B 87,0,1,1,1,1
1,3,-0.239925251715135,-0.239264582514462,02 20 60 00,0,0,1,0C,61 41,0,1,1,1,1
1,4,-0.231357699957442,-0.230220102770257,01 C0 C0 00,0,0,7,00 50 00 00 00 C2 02,3B 38,0,1,1,1,1
1,5,-0.230055427994273,-0.229376326794121,01 E0 A0 00,0,0,1,2C,6E 28,0,1,1,1,1
1,6,-0.221226244243979,-0.220166983054579,02 00 C0 00,0,0,6,02 36 00 00 50 00,4B 87,0,1,1,1,1
1,7,-0.21998515627908,-0.219324487078406,02 20 60 00,0,0,1,0C,61 41,0,1,1,1,1
1,8,-0.211105028530227,-0.209967431343042,01 C0 C0 00,0,0,7,00 50 00 00 00 C2 02,3B 38,0,1,1,1,1
1,9,-0.209794052567304,-0.209114951367152,01 E0 A0 00,0,0,1,2C,6E 28,0,1,1,1,1
1,10,-0.200990980816272,-0.199931719626871,02 00 C0 00,0,0,6,02 36 00 00 50 00,4B 87,0,1,1,1,1
1,11,-0.199706372852603,-0.199045703651929,02 20 60 00,0,0,1,0C,61 41,0,1,1,1,1
1,12,-0.190878469102273,-0.189740359915102,01 C0 C0 00,0,0,7,00 50 00 00 00 C2 02,3B 38,0,1,1,1,1
1,13,-0.189610501138134,-0.188931399937981,01 E0 A0 00,0,0,1,2C,6E 28,0,1,1,1,1
1,14,-0.181032965380723,-0.179973704191322,02 00 C0 00,0,0,6,02 36 00 00 50 00,4B 87,0,1,1,1,1
1,15,-0.179791877415823,-0.17913120821515,02 20 60 00,0,0,1,0C,61 41,0,1,1,1,1
1,16,-0.170920453666724,-0.169782856479539,01 C0 C0 00,0,0,7,00 50 00 00 00 C2 02,3B 38,0,1,1,1,1
1,17,-0.16969651770134,-0.169017416501187,01 E0 A0 00,0,0,1,2C,6E 28,0,1,1,1,1
1,18,-0.160815365952516,-0.159756104763115,02 00 C0 00,0,0,6,02 36 00 00 50 00,4B 87,0,1,1,1,1
1,19,-0.159565829987855,-0.158905160787181,02 20 60 00,0,0,1,0C,61 41,0,1,1,1,1
1,20,-0.150702854238517,-0.149564745051346,01 C0 C0 00,0,0,7,00 50 00 00 00 C2 02,3B 38,0,1,1,1,1
1,21,-0.149513222272162,-0.14883412107201,01 E0 A0 00,0,0,1,2C,6E 28,0,1,1,1,1
1,22,-0.140588806524562,-0.139529545335161,02 00 C0 00,0,0,6,02 36 00 00 50 00,4B 87,0,1,1,1,1
1,23,-0.139321606560401,-0.138660937359727,02 20 60 00,0,0,1,0C,61 41,0,1,1,1,1
1,24,-0.130727942803446,-0.129590601616254,01 C0 C0 00,0,0,7,00 50 00 00 00 C2 02,3B 38,0,1,1,1,1
1,25,-0.129330182842978,-0.128651081642825,01 E0 A0 00,0,0,1,2C,6E 28,0,1,1,1,1
1,26,-0.120613639089498,-0.119554377900097,02 00 C0 00,0,0,6,02 36 00 00 50 00,4B 87,0,1,1,1,1
1,27,-0.119303175126561,-0.118642505925887,02 20 60 00,0,0,1,0C,61 41,0,1,1,1,1
1,28,-0.110492423375746,-0.109355082188553,01 C0 C0 00,0,0,7,00 50 00 00 00 C2 02,3B 38,0,1,1,1,1
1,29,-0.109138183414046,-0.108459082213894,01 E0 A0 00,0,0,1,2C,6E 28,0,1,1,1,1
1,30,-0.100387079661544,-0.0993273064721582,02 00 C0 00,0,0,6,02 36 00 00 50 00,4B 87,0,1,1,1,1
1,31,-0.0990412876996061,-0.0983806184989323,02 20 60 00,0,0,1,0C,61 41,0,1,1,1,1
1,32,-0.0905344079401971,-0.089396554753019,01 C0 C0 00,0,0,7,00 50 00 00 00 C2 02,3B 38,0,1,1,1,1
1,33,-0.0891886159782587,-0.0885095147781062,01 E0 A0 00,0,0,1,2C,6E 28,0,1,1,1,1
1,34,-0.080428808226003,-0.0793695470366022,02 00 C0 00,0,0,6,02 36 00 00 50 00,4B 87,0,1,1,1,1
1,35,-0.0791270482628192,-0.0784663790621455,02 20 60 00,0,0,1,0C,61 41,0,1,1,1,1
1,36,-0.0703162965120043,-0.069178699324819,01 C0 C0 00,0,0,7,00 50 00 00 00 C2 02,3B 38,0,1,1,1,1
1,37,-0.069005576549074,-0.0683264753489216,01 E0 A0 00,0,0,1,2C,6E 28,0,1,1,1,1
1,38,-0.0601850967985342,-0.0591258356091334,02 00 C0 00,0,0,6,02 36 00 00 50 00,4B 87,0,1,1,1,1
1,39,-0.0588920408351044,-0.0582313716344306,02 20 60 00,0,0,1,0C,61 41,0,1,1,1,1
1,40,-0.0500725850845356,-0.0489349878973503,01 C0 C0 00,0,0,7,00 50 00 00 00 C2 02,3B 38,0,1,1,1,1
1,41,-0.0488834651181662,-0.0482046199180065,01 E0 A0 00,0,0,1,2C,6E 28,0,1,1,1,1
1,42,-0.0402281053629565,-0.0391688441735557,02 00 C0 00,0,0,6,02 36 00 00 50 00,4B 87,0,1,1,1,1
1,43,-0.0389263453997728,-0.038265676199099,02 20 60 00,0,0,1,0C,61 41,0,1,1,1,1
1,44,-0.0301155936489579,-0.0289777404617798,01 C0 C0 00,0,0,7,00 50 00 00 00 C2 02,3B 38,0,1,1,1,1
1,45,-0.0289001056833342,-0.0282210044831818,01 E0 A0 00,0,0,1,2C,6E 28,0,1,1,1,1
1,46,-0.0200102499347565,-0.0189509887453558,02 00 C0 00,0,0,6,02 36 00 00 50 00,4B 87,0,1,1,1,1
1,47,-0.0188039779688722,-0.0181433087681985,02 20 60 00,0,0,1,0C,61 41,0,1,1,1,1
1,48,-0.00988033022125023,-0.00874247703407217,01 C0 C0 00,0,0,7,00 50 00 00 00 C2 02,3B 38,0,1,1,1,1
1,49,-0.00863898625635784,-0.00795988505620539,01 E0 A0 00,0,0,1,2C,6E 28,0,1,1,1,1
1,50,-3.53384996856221E-05,0.00102392268971517,02 00 C0 00,0,0,6,02 36 00 00 50 00,4B 87,0,1,1,1,1
1,51,0.00130098146252067,0.00196190666318717,02 20 60 00,0,0,1,0C,61 41,0,1,1,1,1
1,52,0.0100858772140668,0.0112237304012449,01 C0 C0 00,0,0,7,00 50 00 00 00 C2 02,3B 38,0,1,1,1,1
1,53,0.0114751891747744,0.0121542903749269,01 E0 A0 00,0,0,1,2C,6E 28,0,1,1,1,1
1,54,0.0202001809280148,0.0212594421174156,02 00 C0 00,0,0,6,02 36 00 00 50 00,4B 87,0,1,1,1,1
1,55,0.0215367568902138,0.0221974260908876,02 20 60 00,0,0,1,0C,61 41,0,1,1,1,1
1,56,0.0314759566091141,0.0326140657962849,01 C0 C0 00,0,0,7,00 50 00 00 00 C2 02,3B 38,0,1,1,1,1
1,57,0.0327265165737458,0.0334056177738983,01 E0 A0 00,0,0,1,2C,6E 28,0,1,1,1,1
1,58,0.0401581963635635,0.0412179695529499,02 00 C0 00,0,0,6,02 36 00 00 50 00,4B 87,0,1,1,1,1
1,59,0.0414433163272179,0.0421037295278989,02 20 60 00,0,0,1,0C,61 41,0,1,1,1,1
1,60,0.0502625160777939,0.0514006252649647,01 C0 C0 00,0,0,7,00 50 00 00 00 C2 02,3B 38,0,1,1,1,1
1,61,0.051608564039725,0.0522876652398775,01 E0 A0 00,0,0,1,2C,6E 28,0,1,1,1,1
1,62,0.0615400837588425,0.0625993449482433,02 00 C0 00,0,0,6,02 36 00 00 50 00,4B 87,0,1,1,1,1
1,63,0.0628851077208026,0.0635457769214763,02 20 60 00,0,0,1,0C,61 41,0,1,1,1,1
1,64,0.0716525954728411,0.0727904486600192,01 C0 C0 00,0,0,7,00 50 00 00 00 C2 02,3B 38,0,1,1,1,1
1,65,0.0729896834350257,0.0736687846351781,01 E0 A0 00,0,0,1,2C,6E 28,0,1,1,1,1
1,66,0.0817581951870352,0.082817456376436,02 00 C0 00,0,0,6,02 36 00 00 50 00,4B 87,0,1,1,1,1
1,67,0.0829557631531657,0.0836164323538394,02 20 60 00,0,0,1,0C,61 41,0,1,1,1,1
1,68,0.0916188029081582,0.0927564000953435,01 C0 C0 00,0,0,7,00 50 00 00 00 C2 02,3B 38,0,1,1,1,1
1,69,0.0928168828742741,0.0934957280744338,01 E0 A0 00,0,0,1,2C,6E 28,0,1,1,1,1
1,70,0.101732594622121,0.102791855811521,02 00 C0 00,0,0,6,02 36 00 00 50 00,4B 87,0,1,1,1,1
1,71,0.103060466584566,0.103720879785247,02 20 60 00,0,0,1,0C,61 41,0,1,1,1,1
1,72,0.111836402336365,0.112974255523543,01 C0 C0 00,0,0,7,00 50 00 00 00 C2 02,3B 38,0,1,1,1,1
1,73,0.113234162296834,0.113913519496979,01 E0 A0 00,0,0,1,2C,6E 28,0,1,1,1,1
1,74,0.121950706050313,0.1230104792397,02 00 C0 00,0,0,6,02 36 00 00 50 00,4B 87,0,1,1,1,1
1,75,0.123140082016675,0.123800751217349,02 20 60 00,0,0,1,0C,61 41,0,1,1,1,1
1,76,0.131794673771907,0.132932526959085,01 C0 C0 00,0,0,7,00 50 00 00 00 C2 02,3B 38,0,1,1,1,1
1,77,0.133114353734584,0.133793454934736,01 E0 A0 00,0,0,1,2C,6E 28,0,1,1,1,1
1,78,0.141908721485862,0.142967982675263,02 00 C0 00,0,0,6,02 36 00 00 50 00,4B 87,0,1,1,1,1
1,79,0.143158513450516,0.143819182651189,02 20 60 00,0,0,1,0C,61 41,0,1,1,1,1
1,80,0.143844337431119,0.144661166627376,08 A0 60 00,0,0,3,00 03 0C,09 61,0,1,1,1,1
1,81,0.151908593203046,0.153046446390224,01 C0 C0 00,0,0,7,00 50 00 00 00 C2 02,3B 38,0,1,1,1,1
1,82,0.15310641716917,0.153785262369329,01 E0 A0 00,0,0,1,2C,6E 28,0,1,1,1,1
1,83,0.162022128917016,0.163081390106417,02 00 C0 00,0,0,6,02 36 00 00 50 00,4B 87,0,1,1,1,1
1,84,0.163280624881423,0.163941038082104,02 20 60 00,0,0,1,0C,61 41,0,1,1,1,1
1,85,0.172134640631015,0.173271981818207,01 C0 C0 00,0,0,7,00 50 00 00 00 C2 02,3B 38,0,1,1,1,1
1,86,0.173436912594184,0.174116013794336,01 E0 A0 00,0,0,1,2C,6E 28,0,1,1,1,1
1,87,0.182239984345216,0.183299245534617,02 00 C0 00,0,0,6,02 36 00 00 50 00,4B 87,0,1,1,1,1
1,88,0.183515632309138,0.184176301509812,02 20 60 00,0,0,1,0C,61 41,0,1,1,1,1
1,89,0.192361200058969,0.193499053246146,01 C0 C0 00,0,0,7,00 50 00 00 00 C2 02,3B 38,0,1,1,1,1
1,90,0.193628656023122,0.194307757223275,01 E0 A0 00,0,0,1,2C,6E 28,0,1,1,1,1
1,91,0.202214895780287,0.203274156969688,02 00 C0 00,0,0,6,02 36 00 00 50 00,4B 87,0,1,1,1,1
1,92,0.203455727745194,0.204116396945867,02 20 60 00,0,0,1,0C,61 41,0,1,1,1,1
1,93,0.212318703494532,0.213456300681717,01 C0 C0 00,0,0,7,00 50 00 00 00 C2 02,3B 38,0,1,1,1,1
1,94,0.213612271457947,0.214291372658099,01 E0 A0 00,0,0,1,2C,6E 28,0,1,1,1,1
1,95,0.222424047208733,0.223483308398134,02 00 C0 00,0,0,6,02 36 00 00 50 00,4B 87,0,1,1,1,1
1,96,0.223690991172901,0.224351660373575,02 20 60 00,0,0,1,0C,61 41,0,1,1,1,1
1,97,0.232536558922732,0.233674668109902,01 C0 C0 00,0,0,7,00 50 00 00 00 C2 02,3B 38,0,1,1,1,1
1,98,0.233795310887132,0.234474412087284,01 E0 A0 00,0,0,1,2C,6E 28,0,1,1,1,1
1,99,0.242381550644296,0.243440811833697,02 00 C0 00,0,0,6,02 36 00 00 50 00,4B 87,0,1,1,1,1
1,100,0.243718126606495,0.244378795807169,02 20 60 00,0,0,1,0C,61 41,0,1,1,1,1